t_s,theta_rad_clean,omega_rad_s_clean,theta_rad_noisy,omega_rad_s_noisy
0.000000,0.5000000000,0.0000000000,0.5049671415,0.0092463368
0.010000,0.4995297510,-0.0940362976,0.4981471080,-0.0934399939
0.020000,0.4981198139,-0.1879106429,0.5045966993,-0.1943800107
0.030000,0.4957726178,-0.2814611140,0.5110029163,-0.2744788809
0.040000,0.4924922107,-0.3745258546,0.4901506770,-0.3705910008
0.050000,0.4882842589,-0.4669431171,0.4859428894,-0.4579911849
0.060000,0.4831560453,-0.5585513178,0.4989481734,-0.5521995998
0.070000,0.4771164673,-0.6491891097,0.4847908146,-0.6386935826
0.080000,0.4701760346,-0.7386954735,0.4654812907,-0.7440478256
0.090000,0.4623468646,-0.8269098329,0.4677724650,-0.8137358923
0.100000,0.4536426780,-0.9136721964,0.4490085010,-0.9116962003
0.110000,0.4440787916,-0.9988233261,0.4394214940,-0.9780707174
0.120000,0.4336721100,-1.0822049399,0.4360917327,-1.0890968180
0.130000,0.4224411150,-1.1636599434,0.4033083125,-1.1463003054
0.140000,0.4104058521,-1.2430326976,0.3931566738,-1.2410535898
0.150000,0.3975879150,-1.3201693184,0.3919650397,-1.3266834984
0.160000,0.3840104258,-1.3949180108,0.3738821146,-1.3997568691
0.170000,0.3696980127,-1.4671294358,0.3728404860,-1.4703329089
0.180000,0.3546767833,-1.5366571080,0.3455965425,-1.5324154486
0.190000,0.3389742941,-1.6033578222,0.3248512571,-1.5981294673
0.200000,0.3226195154,-1.6670921059,0.3372760031,-1.6728291060
0.210000,0.3056427915,-1.7277246950,0.3033850285,-1.7279682409
0.220000,0.2880757963,-1.7851250266,0.2887510783,-1.7637023230
0.230000,0.2699514836,-1.8391677462,0.2557040018,-1.8218923145
0.240000,0.2513040328,-1.8897332230,0.2458602056,-1.8853699863
0.250000,0.2321687887,-1.9367080675,0.2332780146,-1.9363280327
0.260000,0.2125821965,-1.9799856465,0.2010722608,-1.9787853333
0.270000,0.1925817321,-2.0194665876,0.1963387123,-2.0133314078
0.280000,0.1722058266,-2.0550592677,0.1661994397,-2.0652871933
0.290000,0.1514937866,-2.0866802800,0.1485768491,-2.0892540454
0.300000,0.1304857100,-2.1142548711,0.1244686439,-2.1309407119
0.310000,0.1092223973,-2.1377173439,0.1277451791,-2.1337251127
0.320000,0.0877452589,-2.1570114197,0.0876102867,-2.1505394603
0.330000,0.0660962198,-2.1720905543,0.0555191105,-2.1769224189
0.340000,0.0443176206,-2.1829182045,0.0525430697,-2.1671783369
0.350000,0.0224521163,-2.1894680389,0.0102436798,-2.2017256955
0.360000,0.0005425736,-2.1917240920,0.0026312095,-2.2063678408
0.370000,-0.0213680335,-2.1896808581,-0.0409647347,-2.1874363399
0.380000,-0.0432367281,-2.1833433237,-0.0565185886,-2.1728723407
0.390000,-0.0650206359,-2.1727269381,-0.0630520236,-2.1558876612
0.400000,-0.0866770890,-2.1578575226,-0.0792924232,-2.1624463652
0.410000,-0.1081637287,-2.1387711193,-0.1064500458,-2.1279843110
0.420000,-0.1294386072,-2.1155137832,-0.1305950900,-2.1158988679
0.430000,-0.1504602862,-2.0881413178,-0.1534713231,-2.0898675908
0.440000,-0.1711879329,-2.0567189623,-0.1859731528,-2.0478823630
0.450000,-0.1915814125,-2.0213210308,-0.1987798546,-2.0147978020
0.460000,-0.2116013773,-1.9820305118,-0.2162077650,-1.9977944334
0.470000,-0.2312093507,-1.9389386321,-0.2206381284,-1.9241732286
0.480000,-0.2503678079,-1.8921443919,-0.2469316250,-1.8783434784
0.490000,-0.2690402509,-1.8417540768,-0.2866706524,-1.8480097039
0.500000,-0.2871912787,-1.7878807537,-0.2839504390,-1.7839227184
0.510000,-0.3047866531,-1.7306437567,-0.3086374759,-1.7257034548
0.520000,-0.3217933580,-1.6701681689,-0.3285625780,-1.6675614312
0.530000,-0.3381796550,-1.6065843074,-0.3320628921,-1.6120873589
0.540000,-0.3539151329,-1.5400272154,-0.3436051377,-1.5467434491
0.550000,-0.3689707524,-1.4706361683,-0.3596579512,-1.4708917090
0.560000,-0.3833188861,-1.3985541972,-0.3917110614,-1.3868269070
0.570000,-0.3969333540,-1.3239276356,-0.4000254778,-1.3184916340
0.580000,-0.4097894540,-1.2469056908,-0.4064768197,-1.2506118341
0.590000,-0.4218639886,-1.1676400450,-0.4121085373,-1.1599230579
0.600000,-0.4331352883,-1.0862844869,-0.4379270307,-1.1147699131
0.610000,-0.4435832303,-1.0029945762,-0.4454398201,-0.9915069192
0.620000,-0.4531892553,-0.9179273415,-0.4642526050,-0.9353244793
0.630000,-0.4619363801,-0.8312410122,-0.4738984463,-0.8348654216
0.640000,-0.4698092091,-0.7430947835,-0.4616839509,-0.7542914825
0.650000,-0.4767939426,-0.6536486142,-0.4632315423,-0.6665954290
0.660000,-0.4828783834,-0.5630630550,-0.4835984846,-0.5514547871
0.670000,-0.4880519423,-0.4714991060,-0.4780166133,-0.4761761180
0.680000,-0.4923056419,-0.3791181007,-0.4886892817,-0.3756530619
0.690000,-0.4956321194,-0.2860816127,-0.5020833169,-0.2865508184
0.700000,-0.4980256284,-0.1925513828,-0.4944116723,-0.1877809746
0.710000,-0.4994820407,-0.0986892633,-0.4841016751,-0.0979210444
0.720000,-0.4999988471,-0.0046571736,-0.5003571075,-0.0174870958
0.730000,-0.4995751575,0.0893829349,-0.4839287209,0.0993456031
0.740000,-0.4982117015,0.1832691090,-0.5244091525,0.1783315431
0.750000,-0.4959108282,0.2768394246,-0.4876918031,0.2612736056
0.760000,-0.4926765054,0.3699320213,-0.4918060347,0.3656508697
0.770000,-0.4885143193,0.4623851447,-0.4915043928,0.4773927426
0.780000,-0.4834314728,0.5540372018,-0.4825138650,0.5625394192
0.790000,-0.4774367834,0.6447268315,-0.4973124726,0.6412403102
0.800000,-0.4705406811,0.7342929960,-0.4727373999,0.7308004190
0.810000,-0.4627552038,0.8225750941,-0.4591840781,0.8193587436
0.820000,-0.4540939929,0.9094131012,-0.4393150524,0.9301805811
0.830000,-0.4445722864,0.9946477380,-0.4497549886,0.9984670926
0.840000,-0.4342069106,1.0781206696,-0.4422918466,1.0824210861
0.850000,-0.4230162694,1.1596747371,-0.4280338398,1.1699775717
0.860000,-0.4110203313,1.2391542224,-0.4018663102,1.2415421140
0.870000,-0.3982406137,1.3164051469,-0.3949531026,1.3138147254
0.880000,-0.3847001636,1.3912756039,-0.3899977656,1.3893121054
0.890000,-0.3704235351,1.4636161238,-0.3652908607,1.4629001112
0.900000,-0.3554367634,1.5332800699,-0.3544659879,1.5329078475
0.910000,-0.3397673339,1.6001240642,-0.3300808840,1.6074003596
0.920000,-0.3234441479,1.6640084386,-0.3304646789,1.6645278974
0.930000,-0.3064974827,1.7247977088,-0.3097741042,1.7321241096
0.940000,-0.2889589474,1.7823610676,-0.2928800289,1.7815539018
0.950000,-0.2708614338,1.8365728903,-0.2854965832,1.8373592422
0.960000,-0.2522390618,1.8873132506,-0.2492778590,1.8673312437
0.970000,-0.2331271201,1.9344684380,-0.2305165674,1.9436317148
0.980000,-0.2135620010,1.9779314727,-0.2135108665,1.9813963575
0.990000,-0.1935811311,2.0176026111,-0.1959270025,2.0275827122
1.000000,-0.1732228961,2.0533898352,-0.1873766035,2.0244272814
1.010000,-0.1525265612,2.0852093210,-0.1567330144,2.1060930681
1.020000,-0.1315321871,2.1129858768,-0.1349593323,2.1115899805
1.030000,-0.1102805416,2.1366533482,-0.1183033143,2.1477351764
1.040000,-0.0888130074,2.1561549823,-0.0904258645,2.1457559231
1.050000,-0.0671714860,2.1714437465,-0.0631309774,2.1775714855
1.060000,-0.0453982999,2.1824825967,-0.0265364409,2.1719484411
1.070000,-0.0235360911,2.1892446919,-0.0217903129,2.1830070023
1.080000,-0.0016277181,2.1917135507,0.0009477859,2.2108538642
1.090000,0.0202838479,2.1898831482,0.0195393887,2.1879763242
1.100000,0.0421556278,2.1837579517,0.0229679156,2.1859322805
1.110000,0.0639447396,2.1733528941,0.0636796008,2.1820535714
1.120000,0.0856085027,2.1586932860,0.0862108048,2.1636501049
1.130000,0.1071045408,2.1398146683,0.1317369619,2.1413188573
1.140000,0.1283908835,2.1167626056,0.1264672738,2.1204122156
1.150000,0.1494260648,2.0895924261,0.1524415383,2.1136265819
1.160000,0.1701692199,2.0583689096,0.1698221022,2.0577927217
1.170000,0.1905801772,2.0231659302,0.1788933968,2.0251769207
1.180000,0.2106195479,1.9840660569,0.2220477761,1.9945726009
1.190000,0.2302488106,1.9411601194,0.2377681409,1.9522153787
1.200000,0.2494303914,1.8945467442,0.2573407108,1.9064170473
1.210000,0.2681277397,1.8443318681,0.2590338651,1.8507191703
1.220000,0.2863053988,1.7906282341,0.3003333419,1.7791981850
1.230000,0.3039290713,1.7335548783,0.2899105607,1.7498891936
1.240000,0.3209656794,1.6732366114,0.3268342504,1.6617731575
1.250000,0.3373834202,1.6098035033,0.3592879765,1.6128298580
1.260000,0.3531518156,1.5433903750,0.3432464524,1.5358476165
1.270000,0.3682417575,1.4741363036,0.3625787802,1.4734949201
1.280000,0.3826255477,1.4021841454,0.3836220614,1.4054717695
1.290000,0.3962769337,1.3276800804,0.3912421772,1.3308936526
1.300000,0.4091711396,1.2507731834,0.3936645053,1.2549923910
1.310000,0.4212848929,1.1716150231,0.4219705227,1.1877521357
1.320000,0.4325964480,1.0903592918,0.4219734108,1.0948946348
1.330000,0.4430856050,1.0071614691,0.4478215293,1.0047199028
1.340000,0.4527337268,0.9221785175,0.4435394844,0.9318193892
1.350000,0.4615237520,0.8355686126,0.4770230961,0.8474633175
1.360000,0.4694402063,0.7474909069,0.4616076734,0.7352148288
1.370000,0.4764692105,0.6581053256,0.4732485954,0.6640793263
1.380000,0.4825984882,0.5675723937,0.4907336604,0.5745841211
1.390000,0.4878173705,0.4760530920,0.4755087273,0.4730774570
1.400000,0.4921167999,0.3837087400,0.4943913992,0.3974658081
1.410000,0.4954893336,0.2907009009,0.5085607612,0.2892003451
1.420000,0.4979291454,0.1971913092,0.4818543130,0.1984470737
1.430000,0.4994320268,0.1033418124,0.5012783654,0.1016110941
1.440000,0.4999953883,0.0093143275,0.5025942163,0.0094701179
1.450000,0.4996182599,-0.0847291948,0.5074364886,-0.0956919457
1.460000,0.4983012908,-0.1786268008,0.4859317837,-0.1930273096
1.470000,0.4960467500,-0.2722165641,0.4828421839,-0.2562715135
1.480000,0.4928585252,-0.3653366203,0.4980779409,-0.3738062338
1.490000,0.4887421225,-0.4578252086,0.4917119692,-0.4677391321
1.500000,0.4837046647,-0.5495207264,0.4862095932,-0.5710546275
1.510000,0.4777548895,-0.6402617993,0.4812193716,-0.6466514168
1.520000,0.4709031471,-0.7298873708,0.4641028998,-0.7431182688
1.530000,0.4631613959,-0.8182368152,0.4654839329,-0.8018166636
1.540000,0.4545431981,-0.9051500755,0.4574739229,-0.8950519046
1.550000,0.4450637128,-0.9904678312,0.4379201987,-0.9973493346
1.560000,0.4347396879,-1.0740316954,0.4533974330,-1.0515073373
1.570000,0.4235894495,-1.1556844450,0.4283277787,-1.1458667901
1.580000,0.4116328889,-1.2352702837,0.3997198539,-1.2385185976
1.590000,0.3988914473,-1.3126351395,0.4054569834,-1.3376291966
1.600000,0.3853880964,-1.3876269947,0.3756412797,-1.3647175690
1.610000,0.3711473164,-1.4600962499,0.3790181624,-1.4739919745
1.620000,0.3561950697,-1.5298961184,0.3677810255,-1.5463501059
1.630000,0.3405587709,-1.5968830504,0.3323519477,-1.5866573461
1.640000,0.3242672518,-1.6609171831,0.3339010131,-1.6365196590
1.650000,0.3073507227,-1.7218628137,0.3114785320,-1.7080200855
1.660000,0.2898407280,-1.7795888915,0.2980613296,-1.7739498003
1.670000,0.2717700970,-1.8339695233,0.2907380269,-1.8280219799
1.680000,0.2531728904,-1.8848844884,0.2507190093,-1.8763503328
1.690000,0.2340843403,-1.9322197564,0.2265469787,-1.9246304705
1.700000,0.2145407862,-1.9758680021,0.2056456419,-1.9730560879
1.710000,0.1945796049,-2.0157291120,0.1864215021,-2.0146871010
1.720000,0.1742391367,-2.0517106747,0.1734681196,-2.0523366060
1.730000,0.1535586050,-2.0837284496,0.1569701248,-2.0912680955
1.740000,0.1325780334,-2.1117068078,0.1353449414,-2.1145135586
1.750000,0.1113381567,-2.1355791386,0.1196099892,-2.1525087068
1.760000,0.0898803292,-2.1552882158,0.0900103481,-2.1562716120
1.770000,0.0682464294,-2.1707865185,0.0827817702,-2.1806724296
1.780000,0.0464787610,-2.1820365029,0.0438321927,-2.1930723961
1.790000,0.0246199527,-2.1890108185,0.0518216444,-2.1872118770
1.800000,0.0027128547,-2.1916924683,0.0089695282,-2.1777724454
1.810000,-0.0191995648,-2.1900749082,-0.0277711404,-2.1808917422
1.820000,-0.0410743247,-2.1841620862,-0.0517832497,-2.1998670923
1.830000,-0.0628685359,-2.1739684185,-0.0580438117,-2.1838646999
1.840000,-0.0845395052,-2.1595187052,-0.0867741330,-2.1501109933
1.850000,-0.1060448388,-2.1408479847,-0.0989048339,-2.1506728586
1.860000,-0.1273425440,-2.1180013312,-0.1226101677,-2.1202476627
1.870000,-0.1483911275,-2.0910335963,-0.1491194166,-2.0855330753
1.880000,-0.1691496924,-2.0600091001,-0.1776176295,-2.0696925446
1.890000,-0.1895780308,-2.0250012753,-0.2047265030,-2.0239475203
1.900000,-0.2096367130,-1.9860922705,-0.2141018625,-1.9994325255
1.910000,-0.2292871728,-1.9433725170,-0.2207231849,-1.9493861934
1.920000,-0.2484917876,-1.8969402666,-0.2463508501,-1.8937424472
1.930000,-0.2672139543,-1.8469011059,-0.2796713421,-1.8628310432
1.940000,-0.2854181607,-1.7933674530,-0.2836863514,-1.7889627056
1.950000,-0.3030700502,-1.7364580445,-0.2992168764,-1.7366544225
1.960000,-0.3201364836,-1.6762974174,-0.3289750579,-1.6707725179
1.970000,-0.3365855934,-1.6130153932,-0.3350483423,-1.6107762519
1.980000,-0.3523868350,-1.5467465696,-0.3518047478,-1.5331051653
1.990000,-0.3675110313,-1.4776298243,-0.3789407343,-1.4763775793
2.000000,-0.3819304136,-1.4058078373,-0.3783525400,-1.4101018927
2.010000,-0.3956186570,-1.3314266346,-0.3900108117,-1.3302036595
2.020000,-0.4085509118,-1.2546351571,-0.3977203993,-1.2492021768
2.030000,-0.4207038305,-1.1755848589,-0.4101658100,-1.1750962582
2.040000,-0.4320555913,-1.0944293357,-0.4458322850,-1.0940234188
2.050000,-0.4425859176,-1.0113239858,-0.4519641680,-1.0183439027
2.060000,-0.4522760945,-0.9264257050,-0.4471257418,-0.9330547142
2.070000,-0.4611089822,-0.8398926147,-0.4559711227,-0.8539186675
2.080000,-0.4690690277,-0.7518838241,-0.4639185508,-0.7343880567
2.090000,-0.4761422726,-0.6625592243,-0.4376149577,-0.6749978567
2.100000,-0.4823163611,-0.5720793143,-0.4766074560,-0.5790083663
2.110000,-0.4875805444,-0.4806050555,-0.4762248880,-0.4877891282
2.120000,-0.4919256853,-0.3882977527,-0.4823856677,-0.3793485089
2.130000,-0.4953442611,-0.2953189592,-0.4888303486,-0.2982684560
2.140000,-0.4978303653,-0.2018304023,-0.5009830578,-0.1893529816
2.150000,-0.4993797094,-0.1079939251,-0.4917900172,-0.1147288313
2.160000,-0.4999896238,-0.0139714420,-0.5077178759,-0.0111815004
2.170000,-0.4996590581,0.0800750971,-0.5020272441,0.0717216265
2.180000,-0.4983885815,0.1739837379,-0.5032422170,0.1954352292
2.190000,-0.4961803827,0.2675925522,-0.4953616413,0.2557165680
2.200000,-0.4930382695,0.3607396714,-0.4698916838,0.3638378785
2.210000,-0.4889676675,0.4532633284,-0.5076403195,0.4596010972
2.220000,-0.4839756198,0.5450019113,-0.4771130179,0.5491399023
2.230000,-0.4780707842,0.6357940325,-0.4941979429,0.6339411559
2.240000,-0.4712634310,0.7254786173,-0.4759827497,0.7241804103
2.250000,-0.4635654392,0.8138950155,-0.4526759333,0.8143331302
2.260000,-0.4549902917,0.9008831384,-0.4543474915,0.8994131184
2.270000,-0.4455530687,0.9862836247,-0.4563305165,0.9959224159
2.280000,-0.4352704396,1.0699380360,-0.4424234767,1.0920432660
2.290000,-0.4241606527,1.1516890857,-0.4173646752,1.1461141679
2.300000,-0.4122435222,1.2313809002,-0.4195471885,1.2176828704
2.310000,-0.3995404129,1.3088593146,-0.3973758270,1.3079764941
2.320000,-0.3860742212,1.3839722012,-0.3856185028,1.4097692945
2.330000,-0.3718693533,1.4565698317,-0.3783853568,1.4485330861
2.340000,-0.3569516989,1.5265052706,-0.3355122580,1.5428964387
2.350000,-0.3413486014,1.5936347974,-0.3350094112,1.6104118055
2.360000,-0.3250888233,1.6578183556,-0.3453402492,1.6522824732
2.370000,-0.3082025077,1.7189200253,-0.3063379646,1.7246098561
2.380000,-0.2907211340,1.7768085134,-0.2973389987,1.7930924797
2.390000,-0.2726774692,1.8313576595,-0.2641531359,1.8275663821
2.400000,-0.2541055144,1.8824469497,-0.2620307217,1.8804111461
2.410000,-0.2350404450,1.9299620350,-0.2361878094,1.9241452259
2.420000,-0.2155185474,1.9737952463,-0.2104686746,1.9636476790
2.430000,-0.1955771488,2.0138461012,-0.1869195968,2.0073533258
2.440000,-0.1752545434,2.0500217958,-0.1872575075,2.0377823931
2.450000,-0.1545899132,2.0822376743,-0.1579349256,2.0825785090
2.460000,-0.1336232439,2.1104176716,-0.1383726970,2.1027179393
2.470000,-0.1123952373,2.1344947215,-0.1189285296,2.1368325806
2.480000,-0.0909472194,2.1544111251,-0.0732926770,2.1388521686
2.490000,-0.0693210448,2.1701188744,-0.0652712277,2.1734276767
2.500000,-0.0475589987,2.1815799259,-0.0601678382,2.1899152155
2.510000,-0.0257036959,2.1887664202,-0.0165250765,2.1688290638
2.520000,-0.0037979783,2.1916608449,0.0174235836,2.1954014106
2.530000,0.0181151894,2.1902561369,0.0284398420,2.2025328268
2.540000,0.0399928242,2.1845557247,0.0247991246,2.1724593146
2.550000,0.0617920300,2.1745735079,0.0569496893,2.1912992318
2.560000,0.0834701015,2.1603337751,0.0961392130,2.1645239652
2.570000,0.1049846278,2.1418710624,0.0979079331,2.1348209438
2.580000,0.1262935937,2.1192299526,0.1307317880,2.1186722618
2.590000,0.1473554791,2.0924648201,0.1551018196,2.0980480892
2.600000,0.1681293552,2.0616395242,0.1588600505,2.0623995781
2.610000,0.1885749780,2.0268270556,0.1879797244,2.0322146155
2.620000,0.2086528772,1.9881091410,0.1762402038,1.9789024051
2.630000,0.2283244419,1.9455758124,0.2180805655,1.9472694206
2.640000,0.2475520009,1.8993249458,0.2450263194,1.8851878008
2.650000,0.2662988990,1.8494617762,0.2538210672,1.8483495156
2.660000,0.2845295683,1.7960983955,0.3008536814,1.7870593191
2.670000,0.3022095937,1.7393532397,0.2879081799,1.7319979403
2.680000,0.3193057742,1.6793505707,0.3149053293,1.6917115025
2.690000,0.3357861781,1.6162199606,0.3370935839,1.6271330618
2.700000,0.3516201943,1.5500957823,0.3660329272,1.5561871635
2.710000,0.3667785771,1.4811167129,0.3524199555,1.4701935852
2.720000,0.3812334869,1.4094252552,0.3928651244,1.4062611707
2.730000,0.3949585268,1.3351672798,0.3950608574,1.3472982568
2.740000,0.4079287732,1.2584915931,0.3981136867,1.2599087622
2.750000,0.4201208038,1.1795495337,0.4247418386,1.2027428291
2.760000,0.4315127208,1.0984945995,0.4335033177,1.1024277779
2.770000,0.4420841704,1.0154821072,0.4360820017,1.0174025984
2.780000,0.4518163603,0.9306688849,0.4525143812,0.9275777203
2.790000,0.4606920725,0.8442129993,0.4568389365,0.8455484083
2.800000,0.4686956749,0.7562735156,0.4698308483,0.7547488173
2.810000,0.4758131303,0.6670102908,0.4824344370,0.6740913776
2.820000,0.4820320031,0.5765837975,0.4978921713,0.5861508206
2.830000,0.4873414651,0.4851549769,0.4749633101,0.4772950823
2.840000,0.4917322991,0.3928851194,0.5130626329,0.3795727898
2.850000,0.4951969025,0.2999357679,0.4756760245,0.2815737142
2.860000,0.4977292886,0.2064686425,0.4962114376,0.2115485558
2.870000,0.4993250889,0.1126455818,0.5052082609,0.1016119158
2.880000,0.4999815535,0.0186284976,0.5027914721,-0.0029004083
2.890000,0.4996975519,-0.0754206613,0.4934705567,-0.0715348752
2.900000,0.4984735732,-0.1693399401,0.4963923507,-0.1444099449
2.910000,0.4963117258,-0.2629674086,0.4913817165,-0.2630281177
2.920000,0.4932157373,-0.3561411941,0.4873220897,-0.3477562864
2.930000,0.4891909535,-0.4486995237,0.4976869744,-0.4478812301
2.940000,0.4842443371,-0.5404807760,0.4878144920,-0.5414696726
2.950000,0.4783844662,-0.6313235506,0.4714553703,-0.6221327858
2.960000,0.4716215314,-0.7210667548,0.4806175301,-0.7239695003
2.970000,0.4639673320,-0.8095497144,0.4670403272,-0.8068757913
2.980000,0.4554352717,-0.8966123094,0.4635638929,-0.8933953313
2.990000,0.4460403518,-0.9820951377,0.4523366402,-0.9887760423
3.000000,0.4357991633,-1.0658397105,0.4275092132,-1.0559192870
3.010000,0.4247298764,-1.1476886782,0.4191280660,-1.1494382758
3.020000,0.4128522284,-1.2274860906,0.4203251645,-1.2350435422
3.030000,0.4001875076,-1.3050776905,0.4062912102,-1.2997125921
3.040000,0.3867585350,-1.3803112413,0.3865495191,-1.3892959212
3.050000,0.3725896427,-1.4530368870,0.3737629165,-1.4527550754
3.060000,0.3577066476,-1.5231075438,0.3704832966,-1.5231987338
3.070000,0.3421368218,-1.5903793219,0.3362211080,-1.5795203662
3.080000,0.3259088587,-1.6547119725,0.3313798325,-1.6499649901
3.090000,0.3090528338,-1.7159693592,0.3070309073,-1.7162196288
3.100000,0.2916001614,-1.7740199484,0.2894233494,-1.7658422854
3.110000,0.2735835462,-1.8287373132,0.2845713147,-1.8148352377
3.120000,0.2550369293,-1.8800006481,0.2632910928,-1.8744225450
3.130000,0.2359954296,-1.9276952866,0.2441305260,-1.9275917604
3.140000,0.2164952800,-1.9717132170,0.2295500681,-1.9848315794
3.150000,0.1965737580,-2.0119535894,0.1967837964,-2.0226047260
3.160000,0.1762691116,-2.0483232083,0.1830886414,-2.0513754553
3.170000,0.1556204809,-2.0807370038,0.1525178133,-2.0868321258
3.180000,0.1346678137,-2.1091184757,0.1379094772,-2.1109881887
3.190000,0.1134517785,-2.1334001031,0.1121503480,-2.1328336039
3.200000,0.0920136727,-2.1535237155,0.0929836324,-2.1482267880
3.210000,0.0703953270,-2.1694408181,0.0763468973,-2.1701458059
3.220000,0.0486390077,-2.1811128684,0.0404568008,-2.1762478519
3.230000,0.0267873155,-2.1885114985,0.0477111883,-2.1878667543
3.240000,0.0048830837,-2.1916186806,-0.0051770901,-2.2113733463
3.250000,-0.0170307268,-2.1904268332,-0.0291726129,-2.1998201871
3.260000,-0.0389111314,-2.1849388649,-0.0273300227,-2.1863797405
3.270000,-0.0607152272,-2.1751681585,-0.0527986002,-2.1872651059
3.280000,-0.0824002969,-2.1611384910,-0.0761590987,-2.1551392037
3.290000,-0.1039239128,-2.1428838954,-0.0976404577,-2.1275763871
3.300000,-0.1252440376,-2.1204484626,-0.1253665053,-2.1082608441
3.310000,-0.1463191245,-2.0938860892,-0.1552916682,-2.0960205179
3.320000,-0.1671082132,-2.0632601727,-0.1663501676,-2.0483529113
3.330000,-0.1875710237,-2.0286432605,-0.1943426408,-2.0271565860
3.340000,-0.2076680452,-1.9901166570,-0.1979168479,-1.9934875167
3.350000,-0.2273606224,-1.9477699934,-0.2288311962,-1.9539040200
3.360000,-0.2466110357,-1.9017007686,-0.2548660077,-1.9047254654
3.370000,-0.2653825781,-1.8520138649,-0.2685964365,-1.8558956331
3.380000,-0.2836396259,-1.7988210469,-0.2795103114,-1.7971168847
3.390000,-0.3013477058,-1.7422404485,-0.3069849513,-1.7406347087
3.400000,-0.3184735550,-1.6823960554,-0.3266957589,-1.6823655952
3.410000,-0.3349851781,-1.6194171889,-0.3325483060,-1.6150478072
3.420000,-0.3508518972,-1.5534379958,-0.3484022315,-1.5415315330
3.430000,-0.3660443981,-1.4845969517,-0.3711138298,-1.4751014104
3.440000,-0.3805347708,-1.4130363810,-0.3852451538,-1.4278853607
3.450000,-0.3942965460,-1.3389019978,-0.3919760466,-1.3644412091
3.460000,-0.4073047266,-1.2623424729,-0.4217855700,-1.2529992738
3.470000,-0.4195358155,-1.1835090287,-0.4336104532,-1.1971778157
3.480000,-0.4309678386,-1.1025550645,-0.4381522808,-1.1048027185
3.490000,-0.4415803656,-1.0196358141,-0.4437148371,-1.0313369444
3.500000,-0.4513545263,-0.9349080378,-0.4482454507,-0.9529278422
3.510000,-0.4602730246,-0.8485297468,-0.4455194624,-0.8431151195
3.520000,-0.4683201495,-0.7606599621,-0.4597435533,-0.7530684105
3.530000,-0.4754817848,-0.6714585057,-0.4770811701,-0.6772236097
3.540000,-0.4817454155,-0.5810858234,-0.4819355776,-0.6069962464
3.550000,-0.4871001336,-0.4897028365,-0.4971254272,-0.4951652810
3.560000,-0.4915366421,-0.3974708203,-0.4917217735,-0.3935527802
3.570000,-0.4950472583,-0.3045513073,-0.4979338447,-0.3193404230
3.580000,-0.4976259156,-0.2111060102,-0.4943987300,-0.2092724110
3.590000,-0.4992681653,-0.1172967629,-0.5075404748,-0.1174498614
3.600000,-0.4999711774,-0.0232854746,-0.4947777123,-0.0174925596
3.610000,-0.4997337412,0.0707659071,-0.4844063520,0.0719617108
3.620000,-0.4985562655,0.1646954270,-0.4996438670,0.1549647376
3.630000,-0.4964407786,0.2583411527,-0.4924236614,0.2703068677
3.640000,-0.4933909280,0.3515412081,-0.4864894881,0.3499559124
3.650000,-0.4894119793,0.4441338140,-0.4934241840,0.4438607686
3.660000,-0.4845108153,0.5359573402,-0.4822698905,0.5266246606
3.670000,-0.4786959342,0.6268503732,-0.4785700102,0.6224175507
3.680000,-0.4719774466,0.7166518030,-0.4710006856,0.7078037758
3.690000,-0.4643670725,0.8052009315,-0.4720971704,0.8034714709
3.700000,-0.4558781362,0.8923376075,-0.4556330345,0.9094546923
3.710000,-0.4465255601,0.9779023895,-0.4415455772,0.9641833780
3.720000,-0.4363258567,1.0617367380,-0.4218144206,1.0456011240
3.730000,-0.4252971183,1.1436832413,-0.4157044101,1.1583949446
3.740000,-0.4134590049,1.2235858733,-0.3919271804,1.2214926365
3.750000,-0.4008327285,1.3012902855,-0.4085062041,1.2945995582
3.760000,-0.3874410347,1.3766441331,-0.3787178283,1.3870431800
3.770000,-0.3733081813,1.4494974332,-0.3714747612,1.4434412778
3.780000,-0.3584599123,1.5197029553,-0.3365618830,1.5379630524
3.790000,-0.3429234287,1.5871166408,-0.3510064115,1.5938958995
3.800000,-0.3267273542,1.6515980499,-0.3351245726,1.6467189358
3.810000,-0.3099016970,1.7130108312,-0.3158956234,1.7345839133
3.820000,-0.2924778061,1.7712232113,-0.3137167634,1.7651660620
3.830000,-0.2744883237,1.8261084985,-0.2797458739,1.8335294522
3.840000,-0.2559671308,1.8775455969,-0.2635584574,1.8805385227
3.850000,-0.2369492897,1.9254195239,-0.2354453518,1.9384369368
3.860000,-0.2174709795,1.9696219261,-0.2140534198,1.9852370381
3.870000,-0.1975694278,2.0100515874,-0.1788077194,2.0103716289
3.880000,-0.1772828365,2.0466149219,-0.1677785981,2.0390807431
3.890000,-0.1566503030,2.0792264468,-0.1624193396,2.0838261683
3.900000,-0.1357117377,2.1078092277,-0.1446958844,2.1010320740
3.910000,-0.1145077753,2.1322952901,-0.1095885835,2.1524291626
3.920000,-0.0930796841,2.1526259923,-0.1062820162,2.1539913456
3.930000,-0.0714692710,2.1687523536,-0.0531546833,2.1650991381
3.940000,-0.0497187828,2.1806353331,-0.0379243816,2.1824821361
3.950000,-0.0278708063,2.1882460547,-0.0325625629,2.1747747918
3.960000,-0.0059681655,2.1915659759,-0.0230995108,2.1818498355
3.970000,0.0159461823,2.1905869960,0.0294849061,2.2025911351
3.980000,0.0378292515,2.1853115045,0.0366838531,2.1787425618
3.990000,0.0596381325,2.1757523668,0.0720162956,2.1652832570
4.000000,0.0813300964,2.1619328481,0.0653858198,2.1672993756
4.010000,0.1028626988,2.1438864777,0.0968689486,2.1557435193
4.020000,0.1241938807,2.1216568542,0.1242463177,2.1288463873
4.030000,0.1452820687,2.0952973952,0.1457518746,2.1052578721
4.040000,0.1660862713,2.0648710360,0.1615856166,2.0573030851
4.050000,0.1865661725,2.0304498797,0.1927946718,2.0162317731
4.060000,0.2066822216,1.9921148070,0.1960060173,2.0071281435
4.070000,0.2263957188,1.9499550475,0.2249719239,1.9467282491
4.080000,0.2456688965,1.9040677217,0.2468718528,1.9015593916
4.090000,0.2644649956,1.8545573581,0.2696093840,1.8678392995
4.100000,0.2827483376,1.8015353925,0.2898644864,1.8070976926
4.110000,0.3004843903,1.7451196555,0.2892379694,1.7496785333
4.120000,0.3176398299,1.6854338555,0.3022986882,1.7070838790
4.130000,0.3341825969,1.6226070614,0.3469593651,1.6161718791
4.140000,0.3500819470,1.5567731931,0.3534050872,1.5660515944
4.150000,0.3653084976,1.4880705234,0.3578236323,1.4886406546
4.160000,0.3798342683,1.4166411968,0.3953457880,1.4193271196
4.170000,0.3936327176,1.3426307704,0.3947894639,1.3579154546
4.180000,0.4066787748,1.2661877782,0.4184717467,1.2712661357
4.190000,0.4189488680,1.1874633253,0.4196240528,1.1928462861
4.200000,0.4304209473,1.1066107115,0.4510284265,1.1173357848
4.210000,0.4410745054,1.0237850875,0.4586279138,1.0201355602
4.220000,0.4508905945,0.9391431445,0.4484009530,0.9307510479
4.230000,0.4598518403,0.8528428380,0.4695675498,0.8423947460
4.240000,0.4679424532,0.7650431440,0.4743962127,0.7453795781
4.250000,0.4751482377,0.6759038494,0.4888345533,0.6964659207
4.260000,0.4814565995,0.5855853727,0.4718073649,0.5745532891
4.270000,0.4868565509,0.4942486148,0.4937170655,0.4920360785
4.280000,0.4913387150,0.4020548359,0.5019229599,0.3992867029
4.290000,0.4948953292,0.3091655577,0.4773079344,0.3122396247
4.300000,0.4975202469,0.2157424857,0.4856876617,0.2238998578
4.310000,0.4992089391,0.1219474487,0.4788166173,0.1305521836
4.320000,0.4999584957,0.0279423533,0.4972644273,0.0221115789
4.330000,0.4997676258,-0.0661108542,0.5069430483,-0.0677820713
4.340000,0.4986366580,-0.1600502182,0.5136602286,-0.1572244187
4.350000,0.4965675407,-0.2537138044,0.4973084885,-0.2562007156
4.360000,0.4935638408,-0.3469397331,0.5098499963,-0.3308662773
4.370000,0.4896307442,-0.4395662190,0.4758297296,-0.4346564695
4.380000,0.4847750534,-0.5314316233,0.4677412290,-0.5240828455
4.390000,0.4790051867,-0.6223745199,0.4784497098,-0.6157457072
4.400000,0.4723311752,-0.7122337812,0.4761718297,-0.7004990426
4.410000,0.4647646590,-0.8008486859,0.4644377116,-0.7990384704
4.420000,0.4563188833,-0.8880590523,0.4356444623,-0.9010273718
4.430000,0.4470086915,-0.9737053991,0.4461174911,-0.9697085196
4.440000,0.4368505175,-1.0576291375,0.4238058225,-1.0641427064
4.450000,0.4258623758,-1.1396727938,0.4325591013,-1.1449589607
4.460000,0.4140638491,-1.2196802670,0.4177298315,-1.2138166268
4.470000,0.4014760728,-1.2974971180,0.3920772749,-1.2851142873
4.480000,0.3881217172,-1.3729708947,0.3829830481,-1.3727581789
4.490000,0.3740249658,-1.4459514883,0.3634328306,-1.4428631581
4.500000,0.3592114897,-1.5162915222,0.3585846987,-1.4992693728
4.510000,0.3437084184,-1.5838467708,0.3532598416,-1.5814392390
4.520000,0.3275443061,-1.6484766040,0.3176870456,-1.6224597729
4.530000,0.3107490934,-1.7100444568,0.3157895586,-1.7043893603
4.540000,0.2933540642,-1.7684183171,0.2880514880,-1.7860259447
4.550000,0.2753917975,-1.8234712299,0.2674630692,-1.8159378137
4.560000,0.2568961147,-1.8750818099,0.2558258111,-1.8712702260
4.570000,0.2379020208,-1.9231347596,0.2275495976,-1.9102372320
4.580000,0.2184456414,-1.9675213854,0.2129091483,-1.9607895719
4.590000,0.1985641536,-2.0081401060,0.1865853747,-2.0095246658
4.600000,0.1782957131,-2.0448969465,0.1979429644,-2.0571399288
4.610000,0.1576793749,-2.0777060122,0.1580320104,-2.0797962448
4.620000,0.1367550110,-2.1064899354,0.1297577559,-2.1149951399
4.630000,0.1155632225,-2.1311802888,0.1177030216,-2.1369855233
4.640000,0.0941452485,-2.1517179607,0.0930219680,-2.1458321766
4.650000,0.0725428715,-2.1680534850,0.0703331755,-2.1513544399
4.660000,0.0507983189,-2.1801473228,0.0569399859,-2.1762006075
4.670000,0.0289541631,-2.1879700906,0.0365292402,-2.1999289212
4.680000,0.0070532187,-2.1915027308,0.0017482072,-2.1870567041
4.690000,-0.0148615612,-2.1907366244,-0.0206197436,-2.1787703096
4.700000,-0.0367471897,-2.1856736413,-0.0394977067,-2.1917714704
4.710000,-0.0585607511,-2.1763261293,-0.0815799628,-2.1776663010
4.720000,-0.0802595052,-2.1627168416,-0.0954114159,-2.1625699597
4.730000,-0.1018009910,-2.1448788034,-0.0881322483,-2.1527277865
4.740000,-0.1231431281,-2.1228551201,-0.1066934509,-2.1163723158
4.750000,-0.1442443166,-2.0966987300,-0.1467346770,-2.0979082115
4.760000,-0.1650635342,-2.0664721048,-0.1592979646,-2.0622767804
4.770000,-0.1855604292,-2.0322469029,-0.1824479276,-2.0411218246
4.780000,-0.2056954109,-1.9941035798,-0.1749066028,-1.9984781628
4.790000,-0.2254297356,-1.9521309626,-0.2142339864,-1.9449071490
4.800000,-0.2447255875,-1.9064257921,-0.2460047634,-1.9101541237
4.810000,-0.2635461560,-1.8570922419,-0.2731015605,-1.8398226033
4.820000,-0.2818557074,-1.8042414175,-0.2979201706,-1.8082377794
4.830000,-0.2996196512,-1.7479908454,-0.2975850149,-1.7457439982
4.840000,-0.3168046026,-1.6884639549,-0.3243681101,-1.6791380466
4.850000,-0.3333784381,-1.6257895616,-0.3476009752,-1.6399732189
4.860000,-0.3493103473,-1.5601013572,-0.3557760762,-1.5777094453
4.870000,-0.3645708790,-1.4915374103,-0.3753863591,-1.5067939734
4.880000,-0.3791319826,-1.4202396849,-0.3622605662,-1.4076138439
4.890000,-0.3929670445,-1.3463535794,-0.3841506469,-1.3518721609
4.900000,-0.4060509206,-1.2700274903,-0.4061306470,-1.2444454975
4.910000,-0.4183599640,-1.1914124046,-0.4035605226,-1.1970548806
4.920000,-0.4298720491,-1.1106615216,-0.4290983661,-1.1088160086
4.930000,-0.4405665919,-1.0279299080,-0.4491794339,-1.0125088085
4.940000,-0.4504245668,-0.9433741858,-0.4351933260,-0.9233132569
4.950000,-0.4594285214,-0.8571522535,-0.4540394210,-0.8365372177
4.960000,-0.4675625875,-0.7694230420,-0.4779350491,-0.7573393796
4.970000,-0.4748124904,-0.6803463024,-0.4767158772,-0.6701056771
4.980000,-0.4811655564,-0.5900824258,-0.4899217389,-0.5841571563
4.990000,-0.4866107180,-0.4987922921,-0.5004387154,-0.4910086814
5.000000,-0.4911385188,-0.4066371465,-0.4818767433,-0.4121490037
5.010000,-0.4947411159,-0.3137784996,-0.4756469495,-0.3219604885
5.020000,-0.4974122828,-0.2203780493,-0.5113979585,-0.2204117939
5.030000,-0.4991474103,-0.1265976196,-0.4935177180,-0.1282994658
5.040000,-0.4999435083,-0.0325991140,-0.5064499339,-0.0371313945
5.050000,-0.4997992055,0.0614555222,-0.5046704593,0.0684193967
5.060000,-0.4987147506,0.1554043333,-0.5046386898,0.1649573854
5.070000,-0.4966920114,0.2490853832,-0.5053319191,0.2499694521
5.080000,-0.4937344751,0.3423367885,-0.4932492588,0.3571120893
5.090000,-0.4898472471,0.4349967583,-0.4981567482,0.4235798672
5.100000,-0.4850370502,0.5269036450,-0.4823324819,0.5249670504
5.110000,-0.4793122226,0.6178960101,-0.4798146037,0.6107277869
5.120000,-0.4726827156,0.7078127090,-0.4750721961,0.6891473428
5.130000,-0.4651600899,0.7964929973,-0.4742357265,0.7956661904
5.140000,-0.4567575111,0.8837766629,-0.4625252244,0.8825591878
5.150000,-0.4474897438,0.9695041858,-0.4399358316,0.9846386833
5.160000,-0.4373731435,1.0535169279,-0.4323639716,1.0598250447
5.170000,-0.4264256465,1.1356573546,-0.4362011989,1.1254154864
5.180000,-0.4146667582,1.2157692903,-0.4136734351,1.2343102159
5.190000,-0.4021175376,1.2936982063,-0.3946036664,1.3059085433
5.200000,-0.3888005796,1.3692915440,-0.4054946324,1.3751125211
5.210000,-0.3747399931,1.4423990697,-0.3693063912,1.4401342288
5.220000,-0.3599613763,1.5128732620,-0.3665876139,1.5032788697
5.230000,-0.3444917873,1.5805697288,-0.3387858006,1.5768476610
5.240000,-0.3283597107,1.6453476513,-0.3359923022,1.6562351375
5.250000,-0.3115950192,1.7070702517,-0.3296438402,1.7259161148
5.260000,-0.2942289314,1.7656052811,-0.3105043558,1.7810377164
5.270000,-0.2762939635,1.8208255217,-0.2758131140,1.8159370275
5.280000,-0.2578238765,1.8726093005,-0.2552266515,1.8614131262
5.290000,-0.2388536185,1.9208410064,-0.2478967847,1.9222498688
5.300000,-0.2194192609,1.9654116066,-0.2130333363,1.9477272130
5.310000,-0.1995579307,2.0062191561,-0.2161731313,2.0094508332
5.320000,-0.1793077367,2.0431692920,-0.1799685347,2.0416932661
5.330000,-0.1587076915,2.0761757087,-0.1708178535,2.0715153437
5.340000,-0.1377976286,2.1051606064,-0.1443159897,2.0892135757
5.350000,-0.1166181151,2.1300551059,-0.1161441284,2.1351911070
5.360000,-0.0952103608,2.1507996262,-0.1038144945,2.1454726178
5.370000,-0.0736161234,2.1673442165,-0.0774616789,2.1556450481
5.380000,-0.0518776108,2.1796488406,-0.0418146827,2.1509262185
5.390000,-0.0300373806,2.1876836077,-0.0358062993,2.1874084587
5.400000,-0.0081382379,2.1914289459,0.0002186832,2.2091514619
5.410000,0.0137768686,2.1908757176,0.0024798000,2.2074883098
5.420000,0.0356649512,2.1860252731,0.0409629930,2.1814543105
5.430000,0.0574830883,2.1768894426,0.0718987745,2.1708673220
5.440000,0.0791885284,2.1634904669,0.0544720834,2.1681782095
5.450000,0.1007387944,2.1458608666,0.0927698418,2.1358770122
5.460000,0.1220917846,2.1240432534,0.1278625059,2.1270611724
5.470000,0.1432058732,2.0980900854,0.1411754194,2.1057508882
5.480000,0.1640400068,2.0680633700,0.1677514656,2.0803327022
5.490000,0.1845537985,2.0340343196,0.1785139467,2.0330327789
5.500000,0.2047076179,1.9960829641,0.2055735158,1.9940462266
5.510000,0.2244626773,1.9542977264,0.2229059050,1.9455179005
5.520000,0.2437811132,1.9087749667,0.2554589338,1.9005061632
5.530000,0.2626260635,1.8596185023,0.2651702720,1.8573537133
5.540000,0.2809617395,1.8069391074,0.2843377661,1.8106127625
5.550000,0.2987534926,1.7508540028,0.2946347230,1.7599898490
5.560000,0.3159678770,1.6914863376,0.3110918148,1.6834545481
5.570000,0.3325727055,1.6289646730,0.3282471237,1.6438915587
5.580000,0.3485371016,1.5634224710,0.3524816230,1.5607112350
5.590000,0.3638315456,1.4949975951,0.3596217008,1.4947839222
5.600000,0.3784279168,1.4238318274,0.3813256653,1.4163597106
5.610000,0.3922995296,1.3500704067,0.4130535376,1.3258280041
5.620000,0.4054211666,1.2738615909,0.4141324137,1.2827020449
5.630000,0.4177691061,1.1953562479,0.4145088708,1.2027246868
5.640000,0.4293211466,1.1147074759,0.4413332858,1.1118942003
5.650000,0.4400566273,1.0320702569,0.4359758736,1.0327401640
5.660000,0.4499564453,0.9476011424,0.4295751999,0.9527605346
5.670000,0.4590030699,0.8614579739,0.4489222067,0.8458325154
5.680000,0.4671805541,0.7737996365,0.4484726349,0.7685091097
5.690000,0.4744745443,0.6847858451,0.4709594095,0.6927284919
5.700000,0.4808722873,0.5945769630,0.4810564711,0.5820340688
5.710000,0.4863626361,0.5033338490,0.5031270092,0.5062694283
5.720000,0.4909360543,0.4112177326,0.4942053280,0.3976519146
5.730000,0.4945846191,0.3183901134,0.4923936138,0.3230544132
5.740000,0.4973020238,0.2250126814,0.5055960796,0.2246562666
5.750000,0.4990835794,0.1312472559,0.4769722263,0.1150959377
5.760000,0.4999262153,0.0372557371,0.5022823609,0.0489031306
5.770000,0.4998284803,-0.0567999309,0.5075371322,-0.0641458466
5.780000,0.4987905427,-0.1507577921,0.4840046802,-0.1588603164
5.790000,0.4968141903,-0.2444559088,0.5082517307,-0.2424502168
5.800000,0.4939028300,-0.3377323941,0.4972877940,-0.3262460207
5.810000,0.4900614872,-0.4304254515,0.4859086080,-0.4405836697
5.820000,0.4852968046,-0.5223734248,0.4916246232,-0.5217566263
5.830000,0.4796170405,-0.6134148634,0.5023239690,-0.6091266984
5.840000,0.4730320663,-0.7033886058,0.4748507289,-0.6964575497
5.850000,0.4655533633,-0.7921338848,0.4680355692,-0.7903694693
5.860000,0.4571940177,-0.8794904587,0.4526004087,-0.8831607371
5.870000,0.4479687151,-0.9652987688,0.4394702714,-0.9735746710
5.880000,0.4378937323,-1.0494001283,0.4461970905,-1.0485386895
5.890000,0.4269869278,-1.1316369425,0.4184260896,-1.1423583327
5.900000,0.4152677296,-1.2118529618,0.4159833920,-1.2410664667
5.910000,0.4027571202,-1.2898935689,0.3979805457,-1.2855279709
5.920000,0.3894776187,-1.3656060993,0.3942674170,-1.3565667509
5.930000,0.3754532599,-1.4388401954,0.3787898810,-1.4624695197
5.940000,0.3607095688,-1.5094481919,0.3710849683,-1.5195454989
5.950000,0.3452735320,-1.5772855316,0.3401733680,-1.5710939889
5.960000,0.3291735642,-1.6422112079,0.3264748148,-1.6216362532
5.970000,0.3124394705,-1.7040882318,0.3026518334,-1.7038802948
5.980000,0.2951024039,-1.7627841182,0.2906594713,-1.7700641477
5.990000,0.2771948175,-1.8181713884,0.2809678224,-1.8200003528
6.000000,0.2587504121,-1.8701280824,0.2663202982,-1.8563793183
6.010000,0.2398040782,-1.9185382770,0.2305824250,-1.9249979188
6.020000,0.2203918335,-1.9632926017,0.2290878927,-1.9712845218
6.030000,0.2005507543,-2.0042887487,0.2141071329,-2.0091161839
6.040000,0.1803189026,-2.0414319683,0.1844532516,-2.0509652544
6.050000,0.1597352480,-2.0746355453,0.1785032062,-2.0734088421
6.060000,0.1388395856,-2.1038212485,0.1311016936,-2.0875744639
6.070000,0.1176724481,-2.1289197481,0.1052259011,-2.1256889553
6.080000,0.0962750158,-2.1498709941,0.0784878133,-2.1523945291
6.090000,0.0746890216,-2.1666245522,0.0896494647,-2.1695426649
6.100000,0.0529566533,-2.1791398894,0.0595003099,-2.1947717975
6.110000,0.0311204537,-2.1873866079,0.0305646070,-2.1785555101
6.120000,0.0092232180,-2.1913446216,0.0120229043,-2.1921229936
6.130000,-0.0126921097,-2.1910042747,-0.0239470002,-2.1928090738
6.140000,-0.0345825412,-2.1863663977,-0.0101250214,-2.1544353221
6.150000,-0.0564051491,-2.1774423034,-0.0551129373,-2.1744547743
6.160000,-0.0781171712,-2.1642537195,-0.0770232232,-2.1717716300
6.170000,-0.0996761141,-2.1468326615,-0.0924184479,-2.1510962375
6.180000,-0.1210398555,-2.1252212471,-0.1162297631,-2.1137367900
6.190000,-0.1421667434,-2.0994714532,-0.1399279032,-2.0983387491
6.200000,-0.1630156940,-2.0696448222,-0.1709204386,-2.0840276020
6.210000,-0.1835462853,-2.0358121197,-0.1788316017,-2.0266198304
6.220000,-0.2037188473,-1.9980529485,-0.1848986023,-2.0047343894
6.230000,-0.2234945485,-1.9564553266,-0.2100403481,-1.9377223489
6.240000,-0.2428354781,-1.9111152324,-0.2269036118,-1.9003147518
6.250000,-0.2617047224,-1.8621361254,-0.2668168791,-1.8666093443
6.260000,-0.2800664380,-1.8096284475,-0.2899624862,-1.7968182839
6.270000,-0.2978859185,-1.7537091123,-0.2991437877,-1.7530305572
6.280000,-0.3151296570,-1.6945009878,-0.3145724078,-1.6859732510
6.290000,-0.3317654027,-1.6321323792,-0.3208234876,-1.6272850510
6.300000,-0.3477622132,-1.5667365177,-0.3646868595,-1.5752000842
6.310000,-0.3630905007,-1.4984510603,-0.3477949975,-1.5048865587
6.320000,-0.3777220740,-1.4274176064,-0.3793021530,-1.4171179982
6.330000,-0.3916301761,-1.3537812339,-0.3958989868,-1.3571289872
6.340000,-0.4047895158,-1.2776900614,-0.4149105595,-1.2817265460
6.350000,-0.4171762969,-1.1992948365,-0.4337248636,-1.2088460622
6.360000,-0.4287682421,-1.1187485555,-0.4205365363,-1.1145125649
6.370000,-0.4395446139,-1.0362061148,-0.4388114343,-1.0155808656
6.380000,-0.4494862320,-0.9518239951,-0.4623858410,-0.9624993242
6.390000,-0.4585754874,-0.8657599800,-0.4715262751,-0.8655177854
6.400000,-0.4667963546,-0.7781729082,-0.4701542016,-0.7640507027
6.410000,-0.4741344009,-0.6892224582,-0.4574441856,-0.6900188721
6.420000,-0.4805767936,-0.5990689649,-0.4831727071,-0.5945452470
6.430000,-0.4861123061,-0.5078732657,-0.5011437357,-0.5184972010
6.440000,-0.4907313222,-0.4157965745,-0.4931887529,-0.4115135035
6.450000,-0.4944258392,-0.3230003793,-0.4971530749,-0.3248718219
6.460000,-0.4971894704,-0.2296463624,-0.5241583368,-0.2197890625
6.470000,-0.4990174465,-0.1358963379,-0.4995603951,-0.1240224774
6.480000,-0.4999066168,-0.0419122029,-0.5022159621,-0.0160165665
6.490000,-0.4998554500,0.0521440997,-0.4928933863,0.0579404315
6.500000,-0.4988640341,0.1461106141,-0.4803744731,0.1493685773
6.510000,-0.4969340768,0.2398254008,-0.4856684265,0.2417692438
6.520000,-0.4940689048,0.3331265696,-0.4967577917,0.3295949066
6.530000,-0.4902734635,0.4258523183,-0.5013387226,0.4292371567
6.540000,-0.4855543154,0.5178409824,-0.4598207174,0.5148869683
6.550000,-0.4799196390,0.6089310994,-0.4793274547,0.6106157091
6.560000,-0.4733792259,0.6989614911,-0.4732399330,0.7121374664
6.570000,-0.4659444776,0.7877713681,-0.4661857285,0.7777059425
6.580000,-0.4576284012,0.8752004590,-0.4556475536,0.8865992446
6.590000,-0.4484456031,0.9610891672,-0.4498892073,0.9742603179
6.600000,-0.4384122817,1.0452787579,-0.4441489018,1.0440980726
6.610000,-0.4275462174,1.1276115765,-0.4330148068,1.1063930275
6.620000,-0.4158667607,1.2079313004,-0.4161942934,1.2018530805
6.630000,-0.4033948176,1.2860832241,-0.4088290653,1.2990531695
6.640000,-0.3901528317,1.3619145785,-0.3972812895,1.3616858978
6.650000,-0.3761647631,1.4352748828,-0.3751004609,1.4252818605
6.660000,-0.3614560639,1.5060163291,-0.3640058361,1.5009685799
6.670000,-0.3460536489,1.5739941960,-0.3310137190,1.5824003963
6.680000,-0.3299858630,1.6390672904,-0.3564955611,1.6445346261
6.690000,-0.3132824435,1.7010984129,-0.3023673750,1.6987090919
6.700000,-0.2959744776,1.7599548437,-0.2835136257,1.7562865996
6.710000,-0.2780943553,1.8155088442,-0.2988282576,1.8115912628
6.720000,-0.2596757170,1.8676381693,-0.2631025929,1.8584140675
6.730000,-0.2407533957,1.9162265844,-0.2444678044,1.9323803413
6.740000,-0.2213633548,1.9611643828,-0.2354384717,1.9579411781
6.750000,-0.2015426198,2.0023488949,-0.2093207867,2.0145204801
6.760000,-0.1813292058,2.0396849855,-0.1924349643,2.0548981460
6.770000,-0.1607620395,2.0730855308,-0.1432393351,2.0830686398
6.780000,-0.1398808769,2.1024718696,-0.1305240930,2.0981556665
6.790000,-0.1187262165,2.1277742218,-0.1060106655,2.1318115227
6.800000,-0.0973392086,2.1489320701,-0.0901224879,2.1486901140
6.810000,-0.0757615609,2.1658944966,-0.0870520786,2.1568574780
6.820000,-0.0540354412,2.1786204723,-0.0592806439,2.1818640651
6.830000,-0.0322033771,2.1870790927,-0.0273096315,2.1752886948
6.840000,-0.0103081537,2.1912497584,-0.0225294318,2.2031265522
6.850000,0.0116072898,2.1911222948,0.0187372741,2.1864761219
6.860000,0.0334999649,2.1866970133,0.0310967110,2.1887086098
6.870000,0.0553269388,2.1779847083,0.0515787307,2.1808175871
6.880000,0.0770454386,2.1650065947,0.0841550383,2.1624175449
6.890000,0.0986129553,2.1477941824,0.1030555884,2.1536611204
6.900000,0.1199873456,2.1263890942,0.1163776839,2.1216400576
6.910000,0.1411269321,2.1008428253,0.1527202302,2.1095557983
6.920000,0.1619906007,2.0712164524,0.1511799674,2.0577566556
6.930000,0.1825378942,2.0375802929,0.1886972503,2.0388440887
6.940000,0.2027291036,2.0000135220,0.2086601162,2.0194028120
6.950000,0.2225253538,1.9586037513,0.2194298894,1.9486004380
6.960000,0.2418886864,1.9134465762,0.2451500166,1.9066691265
6.970000,0.2607821369,1.8646450974,0.2482710011,1.8697841759
6.980000,0.2791698070,1.8123094232,0.2884100772,1.8141052410
6.990000,0.2970169327,1.7565561588,0.2951679113,1.7600624598
7.000000,0.3142899462,1.6975078895,0.3090627160,1.7023997608
7.010000,0.3309565334,1.6352926635,0.3414466257,1.6416398782
7.020000,0.3469856858,1.5700434800,0.3399422489,1.5811404785
7.030000,0.3623477475,1.5018977885,0.3482631346,1.5059959751
7.040000,0.3770144575,1.4309970040,0.3614481658,1.4285844275
7.050000,0.3909589867,1.3574860431,0.3970190862,1.3642117801
7.060000,0.4041559708,1.2815128834,0.3913516773,1.3005117027
7.070000,0.4165815389,1.2032281517,0.4341294807,1.2019018143
7.080000,0.4282133380,1.1227847416,0.4073940439,1.1130394485
7.090000,0.4390305540,1.0403374628,0.4559951176,1.0514082695
7.100000,0.4490139289,0.9560427246,0.4511241036,0.9548389130
7.110000,0.4581457759,0.8700582523,0.4571786448,0.8483315569
7.120000,0.4664099907,0.7825428377,0.4609607999,0.7910170545
7.130000,0.4737920616,0.6936561221,0.4777834227,0.6883028403
7.140000,0.4802790765,0.6035584119,0.4799027294,0.6026530791
7.150000,0.4858597292,0.5124105228,0.4968927480,0.5157303261
7.160000,0.4905243236,0.4203736525,0.4916666001,0.4222786493
7.170000,0.4942647772,0.3276092777,0.4957677948,0.3347037959
7.180000,0.4970746231,0.2342790727,0.4934385009,0.2299242090
7.190000,0.4989490119,0.1405448460,0.4983795556,0.1456759040
7.200000,0.4998847129,0.0465684919,0.5029627306,0.0439730251
7.210000,0.4998801144,-0.0474880485,0.4827784305,-0.0400999437
7.220000,0.4989352245,-0.1414628191,0.4854533703,-0.1353091442
7.230000,0.4970516704,-0.2351938789,0.5044843114,-0.2445482659
7.240000,0.4942326989,-0.3285193344,0.4959413533,-0.3176595133
7.250000,0.4904831751,-0.4212773781,0.4886433418,-0.4266370125
7.260000,0.4858095817,-0.5133063372,0.4859939210,-0.5052257593
7.270000,0.4802200169,-0.6044447375,0.4836958340,-0.6007718644
7.280000,0.4737241928,-0.6945313844,0.4683265960,-0.6761495476
7.290000,0.4663334312,-0.7834054665,0.4585503839,-0.7856401263
7.300000,0.4580606598,-0.8709066831,0.4600191123,-0.8743998511
7.310000,0.4489204060,-0.9568754003,0.4391366782,-0.9570695963
7.320000,0.4389287895,-1.0411528356,0.4430113170,-1.0441846334
7.330000,0.4281035127,-1.1235812753,0.4110776767,-1.1155818563
7.340000,0.4164638488,-1.2040043244,0.4267554052,-1.2201674305
7.350000,0.4040306270,-1.2822671902,0.4087566019,-1.2928040144
7.360000,0.3908262154,-1.3582169997,0.3933865128,-1.3688950289
7.370000,0.3768744995,-1.4317031500,0.3867014094,-1.4222000740
7.380000,0.3622008581,-1.5025776912,0.3788556026,-1.4854715575
7.390000,0.3468321344,-1.5706957391,0.3569758351,-1.5717402313
7.400000,0.3307966033,-1.6359159151,0.3123878610,-1.6376041323
7.410000,0.3141239342,-1.6981008106,0.3013281645,-1.6974002890
7.420000,0.2968451485,-1.7571174726,0.2905969627,-1.7454986896
7.430000,0.2789925728,-1.8128379038,0.2792534833,-1.8221114351
7.440000,0.2605997869,-1.8651395748,0.2657763771,-1.8627558850
7.450000,0.2417015664,-1.9139059415,0.2344441282,-1.9041539652
7.460000,0.2223338200,-1.9590269616,0.2242014877,-1.9540160199
7.470000,0.2025335226,-2.0003996055,0.1949796932,-1.9985037893
7.480000,0.1823386418,-2.0379283535,0.1762234638,-2.0279178926
7.490000,0.1617880612,-2.0715256743,0.1477214502,-2.0985579973
7.500000,0.1409214977,-2.1011124775,0.1316891652,-2.0943337243
7.510000,0.1197794152,-2.1266185340,0.1062625691,-2.1331592909
7.520000,0.0984029338,-2.1479828596,0.0886442013,-2.1662891885
7.530000,0.0768337362,-2.1651540539,0.0873701541,-2.1600420279
7.540000,0.0551139694,-2.1780905922,0.0456199805,-2.1643540067
7.550000,0.0332861457,-2.1867610642,0.0596099663,-2.1881355494
7.560000,0.0113930399,-2.1911443568,0.0163262189,-2.1816156113
7.570000,-0.0105224140,-2.1912297774,-0.0086740528,-2.1751069948
7.580000,-0.0324172276,-2.1870171177,-0.0410008054,-2.1738679732
7.590000,-0.0542484626,-2.1785166542,-0.0472453638,-2.1621170089
7.600000,-0.0759733358,-2.1657490881,-0.0817297141,-2.1583278132
7.610000,-0.0975493229,-2.1487454236,-0.0963292247,-2.1479910872
7.620000,-0.1189342600,-2.1275467878,-0.0933334146,-2.1435664459
7.630000,-0.1400864444,-2.1022041938,-0.1410470434,-2.1046648187
7.640000,-0.1609647317,-2.0727782514,-0.1494719984,-2.0812107173
7.650000,-0.1815286301,-2.0393388291,-0.1885603944,-2.0176294020
7.660000,-0.2017383915,-2.0019646733,-0.2020882764,-2.0037235314
7.670000,-0.2215550976,-1.9607429882,-0.2038470913,-1.9595109401
7.680000,-0.2409407427,-1.9157689850,-0.2472104133,-1.9102541313
7.690000,-0.2598583113,-1.8671454046,-0.2417338257,-1.8667093801
7.700000,-0.2782718507,-1.8149820200,-0.2711943314,-1.7980315096
7.710000,-0.2961465393,-1.7593951269,-0.3017712071,-1.7656216205
7.720000,-0.3134487486,-1.7005070269,-0.3071246712,-1.6985609524
7.730000,-0.3301461012,-1.6384455097,-0.3204205567,-1.6458702155
7.740000,-0.3462075228,-1.5733433412,-0.3399894232,-1.5865435663
7.750000,-0.3616032896,-1.5053377623,-0.3773055368,-1.5114554532
7.760000,-0.3763050704,-1.4345700027,-0.3835764422,-1.4349403706
7.770000,-0.3902859645,-1.3611848160,-0.3927611509,-1.3654778383
7.780000,-0.4035205345,-1.2853300385,-0.4042648688,-1.2922542483
7.790000,-0.4159848348,-1.2071561749,-0.4097781138,-1.2212193495
7.800000,-0.4276564368,-1.1268160151,-0.4258794268,-1.1276470708
7.810000,-0.4385144496,-1.0444642817,-0.4518678932,-1.0595114854
7.820000,-0.4485395381,-0.9602573118,-0.4447375596,-0.9526567521
7.830000,-0.4577139372,-0.8743527716,-0.4516080797,-0.8735283741
7.840000,-0.4660214640,-0.7869094055,-0.4604235596,-0.8014849205
7.850000,-0.4734475278,-0.6980868174,-0.4626397206,-0.7011789081
7.860000,-0.4799791372,-0.6080452845,-0.4716399156,-0.6155668485
7.870000,-0.4856049063,-0.5169456006,-0.4810131055,-0.5137538555
7.880000,-0.4903150593,-0.4249489472,-0.4910167164,-0.4115444427
7.890000,-0.4941014335,-0.3322167891,-0.5107110429,-0.3509685138
7.900000,-0.4969574822,-0.2389107925,-0.4926613001,-0.2377605317
7.910000,-0.4988782759,-0.1451927605,-0.4968013991,-0.1467940885
7.920000,-0.4998605036,-0.0512245842,-0.4971447153,-0.0445111834
7.930000,-0.4999024736,0.0428317969,-0.5126699594,0.0449637632
7.940000,-0.4990041135,0.1368144266,-0.5098146789,0.1292947333
7.950000,-0.4971669707,0.2305613627,-0.4866354422,0.2273708233
7.960000,-0.4943942116,0.3239107083,-0.4947897631,0.3159504498
7.970000,-0.4906906212,0.4167006506,-0.4838756143,0.4274607220
7.980000,-0.4860626022,0.5087695090,-0.4857794185,0.5089826255
7.990000,-0.4805181730,0.5999557973,-0.4802206116,0.6189677042
8.000000,-0.4740669656,0.6900983052,-0.4646841275,0.6894916971
8.010000,-0.4667202223,0.7790361993,-0.4718806696,0.7719521316
8.020000,-0.4584907915,0.8666091504,-0.4575295837,0.8514720064
8.030000,-0.4493931215,0.9526574872,-0.4540158743,0.9346260905
8.040000,-0.4394432533,1.0370223805,-0.4437882156,1.0211810211
8.050000,-0.4286588114,1.1195460579,-0.4317505326,1.1222173244
8.060000,-0.4170589913,1.2000720527,-0.4148376536,1.2051593030
8.070000,-0.4046645457,1.2784454858,-0.4094520320,1.2626335788
8.080000,-0.3914977669,1.3545133811,-0.3789402057,1.3634637642
8.090000,-0.3775824659,1.4281250146,-0.3865285390,1.4232944040
8.100000,-0.3629439482,1.4991322955,-0.3648126646,1.5006002257
8.110000,-0.3476089851,1.5673901777,-0.3520062957,1.5835123840
8.120000,-0.3316057816,1.6327570982,-0.3171360027,1.6417254914
8.130000,-0.3149639389,1.6950954409,-0.3129983911,1.6924101344
8.140000,-0.2977144125,1.7542720202,-0.2873959671,1.7453600979
8.150000,-0.2798894658,1.8101585816,-0.2947450695,1.7886404276
8.160000,-0.2615226177,1.8626323128,-0.2588521150,1.8554407796
8.170000,-0.2426485859,1.9115763612,-0.2337522779,1.9094650588
8.180000,-0.2233032247,1.9568803504,-0.2224803848,1.9470085551
8.190000,-0.2035234579,1.9984408918,-0.1928686541,1.9971283221
8.200000,-0.1833472056,2.0361620826,-0.1885200901,2.0369306014
8.210000,-0.1628133081,2.0699559849,-0.1487198337,2.0677074251
8.220000,-0.1419614429,2.0997430802,-0.1189724617,2.0932430544
8.230000,-0.1208320391,2.1254526914,-0.1244604247,2.1271392382
8.240000,-0.0994661866,2.1470233682,-0.1039212118,2.1514427747
8.250000,-0.0779055423,2.1644032285,-0.0633716975,2.1534992377
8.260000,-0.0561922326,2.1775502524,-0.0403965112,2.1916595762
8.270000,-0.0343687542,2.1864325242,-0.0395973545,2.1854466429
8.280000,-0.0124778712,2.1910284174,-0.0166797394,2.1912169137
8.290000,0.0094374877,2.1913267218,0.0066196416,2.1984088660
8.300000,0.0313343343,2.1873267091,0.0178898292,2.1896588704
8.310000,0.0531697255,2.1790381378,0.0439832061,2.1885695041
8.320000,0.0749008680,2.1664811952,0.0648594604,2.1693524369
8.330000,0.0964852221,2.1496863794,0.0888072464,2.1435620057
8.340000,0.1178806037,2.1286943212,0.1175337548,2.1323093565
8.350000,0.1390452850,2.1035555507,0.1413874324,2.0921182887
8.360000,0.1599380918,2.0743302101,0.1754430967,2.0754158072
8.370000,0.1805184978,2.0410877182,0.1705349573,2.0407554183
8.380000,0.2007467158,2.0039063913,0.2105899397,2.0018252227
8.390000,0.2205837846,1.9628730253,0.2184438961,1.9615876502
8.400000,0.2399916514,1.9180824461,0.2394970143,1.8992639556
8.410000,0.2589332499,1.8696370331,0.2656814448,1.8641497840
8.420000,0.2773725733,1.8176462233,0.2661453531,1.8185746723
8.430000,0.2952747423,1.7622260015,0.2990988398,1.7638245654
8.440000,0.3126060681,1.7034983841,0.3142705902,1.6932216327
8.450000,0.3293341099,1.6415909012,0.3342586226,1.6542479796
8.460000,0.3454277278,1.5766360844,0.3483194143,1.5679743359
8.470000,0.3608571301,1.5087709643,0.3854101315,1.5184655363
8.480000,0.3755939159,1.4381365844,0.3692165160,1.4424085280
8.490000,0.3896111126,1.3648775346,0.3843011430,1.3584152615
8.500000,0.4028832097,1.2891415082,0.3966518044,1.3068946171
8.510000,0.4153861872,1.2110788873,0.4098314160,1.1991425190
8.520000,0.4270975408,1.1308423572,0.4207236696,1.1400338989
8.530000,0.4379963032,1.0485865525,0.4498864685,1.0585923757
8.540000,0.4480630617,0.9644677374,0.4622681042,0.9577615353
8.550000,0.4572799732,0.8786435185,0.4515725102,0.8925681715
8.560000,0.4656307763,0.7912725922,0.4573072205,0.7887721270
8.570000,0.4731008011,0.7025145244,0.4778149567,0.7054014607
8.580000,0.4796769771,0.6125295630,0.4741547466,0.6151327814
8.590000,0.4853478386,0.5214784796,0.4916771568,0.5201353922
8.600000,0.4901035301,0.4295224388,0.4921327603,0.4376305216
8.610000,0.4939358090,0.3368228938,0.4787783679,0.3447577810
8.620000,0.4968380485,0.2435415022,0.5123131005,0.2260561825
8.630000,0.4988052389,0.1498400619,0.5167640156,0.1628834643
8.640000,0.4998339892,0.0558804603,0.4937061023,0.0392555404
8.650000,0.4999225273,-0.0381753644,0.4960455117,-0.0278499024
8.660000,0.4990707010,-0.1321654564,0.5019293549,-0.1208984051
8.670000,0.4972799771,-0.2259278718,0.5006245450,-0.2368375362
8.680000,0.4945534421,-0.3193007109,0.5011388849,-0.3234088538
8.690000,0.4908958009,-0.4121221556,0.5109978463,-0.4231792022
8.700000,0.4863133760,-0.5042305172,0.4845439037,-0.5063797275
8.710000,0.4808141059,-0.5954642985,0.4728311334,-0.5985446413
8.720000,0.4744075428,-0.6856622730,0.4606143505,-0.6778656677
8.730000,0.4671048493,-0.7746635861,0.4597955489,-0.7615604986
8.740000,0.4589187945,-0.8623078801,0.4585875248,-0.8483510420
8.750000,0.4498637476,-0.9484354473,0.4678093262,-0.9540571276
8.760000,0.4399556710,-1.0328874116,0.4347795580,-1.0349796304
8.770000,0.4292121109,-1.1155059431,0.4314499905,-1.1323403250
8.780000,0.4176521856,-1.1961345040,0.4174879566,-1.2041932047
8.790000,0.4052965709,-1.2746181294,0.4171805036,-1.2649696130
8.800000,0.3921674833,-1.3508037408,0.4174368075,-1.3346479126
8.810000,0.3782886592,-1.4245404943,0.3729799715,-1.4368839831
8.820000,0.3636853307,-1.4956801593,0.3587909363,-1.5016048019
8.830000,0.3483841974,-1.5640775287,0.3588258061,-1.5643415863
8.840000,0.3324133940,-1.6295908564,0.3392323089,-1.6267892448
8.850000,0.3158024536,-1.6920823196,0.3342695269,-1.7001783548
8.860000,0.2985822658,-1.7514185017,0.3044215476,-1.7471778913
8.870000,0.2807850301,-1.8074708921,0.2771921092,-1.8122092856
8.880000,0.2624442049,-1.8601163970,0.2683507532,-1.8602609197
8.890000,0.2435944497,-1.9092378563,0.2546814856,-1.9037750138
8.900000,0.2242715644,-1.9547245611,0.2324763862,-1.9546603384
8.910000,0.2045124210,-1.9964727649,0.2095851613,-2.0008366238
8.920000,0.1843548926,-2.0343861828,0.1950216395,-2.0354822808
8.930000,0.1638377754,-2.0683764715,0.1755307313,-2.0692601011
8.940000,0.1430007077,-2.0983636856,0.1568222976,-2.1020637959
8.950000,0.1218840834,-2.1242767010,0.1283711822,-2.1268646616
8.960000,0.1005289618,-2.1460536017,0.0988577810,-2.1300671300
8.970000,0.0789769740,-2.1636420248,0.0804441109,-2.1580328304
8.980000,0.0572702257,-2.1769994562,0.0693353154,-2.1799542593
8.990000,0.0354511974,-2.1860934747,0.0272818407,-2.1791239307
9.000000,0.0135626426,-2.1909019411,0.0172493757,-2.1942401360
9.010000,-0.0083525160,-2.1914131273,-0.0122859041,-2.1796818809
9.020000,-0.0302512904,-2.1876257856,-0.0299638422,-2.1839293637
9.030000,-0.0520907329,-2.1795491560,-0.0393062143,-2.1806221774
9.040000,-0.0738280403,-2.1672029118,-0.0719170496,-2.1627257426
9.050000,-0.0954206579,-2.1506170443,-0.0949562924,-2.1663258058
9.060000,-0.1168263818,-2.1298316876,-0.1304249432,-2.1410993623
9.070000,-0.1380034591,-2.1048968881,-0.1305409235,-2.1168361382
9.080000,-0.1589106860,-2.0758723196,-0.1524558442,-2.0744428886
9.090000,-0.1795075019,-2.0428269501,-0.1578749546,-2.0255018001
9.100000,-0.1997540810,-2.0058386650,-0.2028318633,-1.9835256635
9.110000,-0.2196114192,-1.9649938506,-0.2174199159,-1.9586133396
9.120000,-0.2390414168,-1.9203869464,-0.2365475800,-1.9153785017
9.130000,-0.2580069571,-1.8721199693,-0.2422324243,-1.8901305467
9.140000,-0.2764719789,-1.8203020187,-0.2774249342,-1.8257287567
9.150000,-0.2944015458,-1.7650487674,-0.2916113305,-1.7729266049
9.160000,-0.3117619084,-1.7064819453,-0.3056829433,-1.7126904213
9.170000,-0.3285205631,-1.6447288218,-0.3266544719,-1.6464102600
9.180000,-0.3446463043,-1.5799216925,-0.3491106405,-1.5846425983
9.190000,-0.3601092726,-1.5121973771,-0.3581683726,-1.5319903752
9.200000,-0.3748809970,-1.4416967316,-0.3641446795,-1.4342176290
9.210000,-0.3889344338,-1.3685641806,-0.3991995868,-1.3792916108
9.220000,-0.4022439992,-1.2929472741,-0.4009143024,-1.2905548054
9.230000,-0.4147855987,-1.2149962703,-0.4217868069,-1.1942554436
9.240000,-0.4265366526,-1.1348637490,-0.4145861863,-1.1440575949
9.250000,-0.4374761169,-1.0527042562,-0.4527079860,-1.0780071314
9.260000,-0.4475845017,-0.9686739823,-0.4531737201,-0.9715340245
9.270000,-0.4568438857,-0.8829304738,-0.4530717669,-0.8719208774
9.280000,-0.4652379291,-0.7956323783,-0.4495826888,-0.7760489038
9.290000,-0.4727518830,-0.7069392238,-0.4734093856,-0.7192347197
9.300000,-0.4793725974,-0.6170112281,-0.4849245926,-0.6120442359
9.310000,-0.4850885272,-0.5260091401,-0.4662769565,-0.5306622447
9.320000,-0.4898897370,-0.4340941078,-0.5043698760,-0.4351535913
9.330000,-0.4937679043,-0.3414275721,-0.5157559639,-0.3149841386
9.340000,-0.4967163222,-0.2481711823,-0.4923161777,-0.2632008855
9.350000,-0.4987299011,-0.1544867304,-0.5037504433,-0.1519493338
9.360000,-0.4998051696,-0.0605361005,-0.5100174977,-0.0558591688
9.370000,-0.4999402756,0.0335187709,-0.4928567111,0.0443766341
9.380000,-0.4991349865,0.1275159281,-0.4966969794,0.1284957596
9.390000,-0.4973906892,0.2212934260,-0.5030314756,0.2243739314
9.400000,-0.4947103899,0.3146893618,-0.5075134339,0.3107728762
9.410000,-0.4910987133,0.4075419124,-0.4823741400,0.4102331818
9.420000,-0.4865619019,0.4996893814,-0.4800598902,0.4962574587
9.430000,-0.4811078143,0.5909702604,-0.4820995730,0.5971859793
9.440000,-0.4747459229,0.6812233072,-0.4562795529,0.6775272039
9.450000,-0.4674873106,0.7702876462,-0.4781881583,0.7740586501
9.460000,-0.4593446670,0.8580028917,-0.4745999187,0.8577102635
9.470000,-0.4503322823,0.9442092996,-0.4572513630,0.9554698021
9.480000,-0.4404660403,1.0287479482,-0.4409219005,1.0282340109
9.490000,-0.4297634090,1.1114609500,-0.4273300145,1.0937306253
9.500000,-0.4182434290,1.1921916970,-0.4206557896,1.2048109120
9.510000,-0.4059266996,1.2707851392,-0.4024061456,1.2617278162
9.520000,-0.3928353614,1.3470880970,-0.4053507557,1.3405504336
9.530000,-0.3789930761,1.4209496071,-0.3645554301,1.4149929942
9.540000,-0.3644250023,1.4922213001,-0.3652465141,1.5059656810
9.550000,-0.3491577678,1.5607578091,-0.3379848095,1.5394010670
9.560000,-0.3332194370,1.6264172061,-0.3297921835,1.6577946914
9.570000,-0.3166394746,1.6890614626,-0.3120719424,1.6996220307
9.580000,-0.2994487042,1.7485569324,-0.2937510314,1.7507893216
9.590000,-0.2816792617,1.8047748500,-0.2772021761,1.8042259100
9.600000,-0.2633645443,1.8575918412,-0.2569373167,1.8604473819
9.610000,-0.2445391536,1.9068904400,-0.2312476283,1.9121016643
9.620000,-0.2252388344,1.9525596060,-0.2232736227,1.9590117618
9.630000,-0.2055004074,1.9944952360,-0.1984103698,2.0000512807
9.640000,-0.1853616979,2.0326006643,-0.1862590548,2.0334964711
9.650000,-0.1648614582,2.0667871434,-0.1504602861,2.0648137592
9.660000,-0.1440392870,2.0969743020,-0.1508032101,2.0954615691
9.670000,-0.1229355429,2.1230905694,-0.1049261385,2.1211414866
9.680000,-0.1015912543,2.1450735658,-0.1019928338,2.1564112667
9.690000,-0.0800480263,2.1628704475,-0.0943557774,2.1688060147
9.700000,-0.0583479435,2.1764382067,-0.0570668994,2.1470343203
9.710000,-0.0365334702,2.1857439177,-0.0433439868,2.1923029254
9.720000,-0.0146473487,2.1907649285,-0.0062409132,2.1927122904
9.730000,0.0072675041,2.1914889935,0.0007412643,2.1913019059
9.740000,0.0291681010,2.1879143454,0.0247062667,2.1840291609
9.750000,0.0510114898,2.1800497058,0.0321160825,2.1912908330
9.760000,0.0727548578,2.1679142336,0.0682317947,2.1773894982
9.770000,0.0943556356,2.1515374127,0.0701168423,2.1438086360
9.780000,0.1157715993,2.1309588803,0.0999325711,2.1350294032
9.790000,0.1369609716,2.1062281982,0.1445651182,2.0965116308
9.800000,0.1578825191,2.0774045708,0.1657405207,2.0636083892
9.810000,0.1784956473,2.0445565148,0.1827502229,2.0382893425
9.820000,0.1987604918,2.0077614833,0.1890907304,2.0163854180
9.830000,0.2186380060,1.9671054522,0.2181608925,1.9766367027
9.840000,0.2380900435,1.9226824732,0.2380540181,1.9278133274
9.850000,0.2570794371,1.8745941995,0.2454957902,1.8818451574
9.860000,0.2755700717,1.8229493917,0.2906040547,1.8281111746
9.870000,0.2935269536,1.7678634095,0.3023005765,1.7614485935
9.880000,0.3109162735,1.7094576948,0.3087066317,1.7137769203
9.890000,0.3277054645,1.6478592550,0.3279743229,1.6558633503
9.900000,0.3438632559,1.5832001488,0.3459470839,1.5907430621
9.910000,0.3593597202,1.5156169835,0.3389423715,1.5275061172
9.920000,0.3741663172,1.4452504263,0.3716945433,1.4523334647
9.930000,0.3882559313,1.3722447360,0.3814360888,1.3757592181
9.940000,0.4016029058,1.2967473179,0.3915867057,1.3074488202
9.950000,0.4141830721,1.2189083053,0.4113720691,1.2186430927
9.960000,0.4259737746,1.1388801716,0.4439506399,1.1300614251
9.970000,0.4369538931,1.0568173736,0.4433623217,1.0551867040
9.980000,0.4471038601,0.9728760272,0.4413920702,0.9654270007
9.990000,0.4564056766,0.8872136179,0.4621315044,0.8804618352
10.000000,0.4648429242,0.7999887446,0.4788364785,0.7985435579
